Date,Match Key,Match Type,Product,Vendor,Store,Price (NZD)
2026-06-09,g440 hybrid ping,Name,Ping G440 Hybrid,PING,Golf HQ,602.1
2026-06-09,g440 hybrid ping,Name,Ping G440 Hybrid,PING,The Clubroom,669.95
2026-06-09,g440 hybrid ping,Name,Ping G440 Hybrid,PING,Golf 360,669.9
2026-06-09,g440 hybrid ping,Name,Ping G440 Hybrid,PING,The Golf Shop,669.95
2026-06-09,g440 hybrid ping,Name,Ping G440 Hybrid,PING,Total Golf,0.0
2026-06-09,driver g440 lst ping,Name,Ping G440 LST Driver,PING,Golf HQ,1214.1
2026-06-09,driver g440 lst ping,Name,Ping G440 LST Driver,PING,The Clubroom,1214.96
2026-06-09,driver g440 lst ping,Name,Ping G440 LST Driver,PING,Golf 360,1349.9
2026-06-09,driver g440 lst ping,Name,Ping G440 LST Driver,PING,The Golf Shop,1349.95
2026-06-09,driver g440 lst ping,Name,Ping G440 LST Driver,PING,Total Golf,0.0
2026-06-09,driver g440 ping sft,Name,Ping G440 SFT Driver,PING,Golf HQ,1214.1
2026-06-09,driver g440 ping sft,Name,Ping G440 SFT Driver,PING,The Clubroom,1214.96
2026-06-09,driver g440 ping sft,Name,Ping G440 SFT Driver,PING,Golf 360,1349.9
2026-06-09,driver g440 ping sft,Name,Ping G440 SFT Driver,PING,The Golf Shop,1349.95
2026-06-09,driver g440 ping sft,Name,Ping G440 SFT Driver,PING,Total Golf,0.0
2026-06-09,mizuno tour umbrella,Name,Mizuno Tour Umbrella,Mizuno,Golf HQ,109.65
2026-06-09,mizuno tour umbrella,Name,Mizuno Tour Umbrella,Mizuno,The Clubroom,89.1
2026-06-09,mizuno tour umbrella,Name,Mizuno Tour Umbrella,Mizuno,Golf 360,109.9
2026-06-09,mizuno tour umbrella,Name,Mizuno Tour Umbrella,Mizuno,The Golf Shop,119.95
2026-06-09,cobra fairway optm wood x,Name,Cobra OPTM X Fairway Wood,Cobra,The Clubroom,559.2
2026-06-09,cobra fairway optm wood x,Name,Cobra OPTM X Fairway Wood,Cobra,Golf 360,699.9
2026-06-09,cobra fairway optm wood x,Name,Cobra OPTM X Fairway Wood,Cobra,The Golf Shop,699.0
2026-06-09,cobra fairway optm wood x,Name,Cobra OPTM X Fairway Wood,Cobra,Total Golf,699.0
2026-06-09,cobra d driver max optm,Name,Cobra OPTM MAX-D Driver,Cobra,The Clubroom,928.0
2026-06-09,cobra d driver max optm,Name,Cobra OPTM MAX-D Driver,Cobra,Golf 360,1160.9
2026-06-09,cobra d driver max optm,Name,Cobra OPTM MAX-D Driver,Cobra,The Golf Shop,1160.0
2026-06-09,cobra d driver max optm,Name,Cobra OPTM MAX-D Driver,Cobra,Total Golf,1159.0
2026-06-09,cobra driver k max optm,Name,Cobra OPTM MAX-K Driver,Cobra,The Clubroom,928.0
2026-06-09,cobra driver k max optm,Name,Cobra OPTM MAX-K Driver,Cobra,Golf 360,1160.9
2026-06-09,cobra driver k max optm,Name,Cobra OPTM MAX-K Driver,Cobra,The Golf Shop,1160.0
2026-06-09,cobra driver k max optm,Name,Cobra OPTM MAX-K Driver,Cobra,Total Golf,1159.0
2026-06-09,cobra driver optm x,Name,Cobra OPTM X Driver,Cobra,The Clubroom,928.0
2026-06-09,cobra driver optm x,Name,Cobra OPTM X Driver,Cobra,Golf 360,1160.9
2026-06-09,cobra driver optm x,Name,Cobra OPTM X Driver,Cobra,The Golf Shop,1160.0
2026-06-09,cobra driver optm x,Name,Cobra OPTM X Driver,Cobra,Total Golf,1159.0
2026-06-09,cobra driver ls optm,Name,Cobra OPTM LS Driver,Cobra,The Clubroom,928.0
2026-06-09,cobra driver ls optm,Name,Cobra OPTM LS Driver,Cobra,Golf 360,1160.9
2026-06-09,cobra driver ls optm,Name,Cobra OPTM LS Driver,Cobra,The Golf Shop,1160.0
2026-06-09,cobra driver ls optm,Name,Cobra OPTM LS Driver,Cobra,Total Golf,1159.0
2026-06-09,caddy mizuno retro stripe towel,Name,Mizuno Retro Stripe Caddy Towel,Mizuno,Golf HQ,54.4
2026-06-09,caddy mizuno retro stripe towel,Name,Mizuno Retro Stripe Caddy Towel,Mizuno,The Clubroom,64.95
2026-06-09,caddy mizuno retro stripe towel,Name,Mizuno Retro Stripe Caddy Towel,Mizuno,Golf 360,64.9
2026-06-09,caddy mizuno retro stripe towel,Name,Mizuno Retro Stripe Caddy Towel,Mizuno,The Golf Shop,64.95
2026-06-09,a1 bushnell rangefinder slope,Name,Bushnell A1-Slope Rangefinder,Bushnell,Golf HQ,536.75
2026-06-09,a1 bushnell rangefinder slope,Name,Bushnell A1-Slope Rangefinder,Bushnell,The Clubroom,517.46
2026-06-09,a1 bushnell rangefinder slope,Name,Bushnell A1-Slope Rangefinder,Bushnell,Golf 360,575.9
2026-06-09,a1 bushnell rangefinder slope,Name,Bushnell A1-Slope Rangefinder,Bushnell,The Golf Shop,569.95
2026-06-09,driver g440 max ping,Name,Ping G440 Max Driver,PING,Golf HQ,1214.1
2026-06-09,driver g440 max ping,Name,Ping G440 Max Driver,PING,The Clubroom,1214.96
2026-06-09,driver g440 max ping,Name,Ping G440 Max Driver,PING,Golf 360,1349.9
2026-06-09,driver g440 max ping,Name,Ping G440 Max Driver,PING,The Golf Shop,1349.95
2026-06-09,fairway g440 max ping wood,Name,PING G440 Max Fairway Wood,PING,The Clubroom,710.96
2026-06-09,fairway g440 max ping wood,Name,PING G440 Max Fairway Wood,PING,Golf 360,789.9
2026-06-09,fairway g440 max ping wood,Name,PING G440 Max Fairway Wood,PING,The Golf Shop,789.95
2026-06-09,fairway g440 max ping wood,Name,PING G440 Max Fairway Wood,PING,Total Golf,0.0
2026-06-09,cap delta ping tour vented,Name,Ping Tour Vented Delta Cap,PING,Golf HQ,41.65
2026-06-09,cap delta ping tour vented,Name,Ping Tour Vented Delta Cap,PING,The Clubroom,34.93
2026-06-09,cap delta ping tour vented,Name,Ping Tour Vented Delta Cap,PING,Golf 360,49.9
2026-06-09,clicgear spacer umbrella,Name,Clicgear Umbrella Spacer,Clicgear,Golf HQ,16.15
2026-06-09,clicgear spacer umbrella,Name,Clicgear Umbrella Spacer,Clicgear,Golf 360,22.9
2026-06-09,clicgear spacer umbrella,Name,Clicgear Umbrella Spacer,Clicgear,The Golf Shop,22.95
2026-06-09,callaway golf tour towel,Name,Callaway Tour Golf Towel,Callaway Golf,Golf Warehouse,35.99
2026-06-09,callaway golf tour towel,Name,Callaway Tour Golf Towel,Callaway Golf,Golf HQ,41.65
2026-06-09,callaway golf tour towel,Name,Callaway Tour Golf Towel,Callaway Golf,Golf 360,49.9
2026-06-09,bag ping range,Name,Ping Range Bag,PING,Golf HQ,80.75
2026-06-09,bag ping range,Name,Ping Range Bag,PING,The Clubroom,99.0
2026-06-09,bag ping range,Name,Ping Range Bag,PING,Golf 360,109.9
2026-06-09,golf grip pride tour undersize velvet,Name,Golf Pride Tour Velvet Golf Grip | Undersize,Golf Pride,Golf HQ,24.0
2026-06-09,golf grip pride tour undersize velvet,Name,Golf Pride Tour Velvet Golf Grip | Undersize,Golf Pride,The Clubroom,19.8
2026-06-09,golf grip pride tour undersize velvet,Name,Golf Pride Tour Velvet Golf Grip | Undersize,Golf Pride,Golf 360,26.9
2026-06-09,alignment pro sticks,Name,Pro Sticks Alignment Sticks,Pro Sticks,Golf HQ,29.75
2026-06-09,alignment pro sticks,Name,Pro Sticks Alignment Sticks,Pro Sticks,The Clubroom,35.91
2026-06-09,alignment pro sticks,Name,Pro Sticks Alignment Sticks,Pro Sticks,Golf 360,39.9
2026-06-09,clicgear knob steering,Name,ClicGear Steering Knob,Clicgear,Golf HQ,28.9
2026-06-09,clicgear knob steering,Name,ClicGear Steering Knob,Clicgear,The Clubroom,26.91
2026-06-09,clicgear knob steering,Name,ClicGear Steering Knob,Clicgear,Golf 360,34.9
2026-06-09,players terry titleist towel,Name,Titleist Players Terry Towel,Titleist,Golf HQ,41.65
2026-06-09,players terry titleist towel,Name,Titleist Players Terry Towel,Titleist,The Clubroom,44.96
2026-06-09,players terry titleist towel,Name,Titleist Players Terry Towel,Titleist,Golf 360,35.0
2026-06-09,cobra hybrid optm,Name,Cobra OPTM Hybrid,Cobra,The Clubroom,423.2
2026-06-09,cobra hybrid optm,Name,Cobra OPTM Hybrid,Cobra,Golf 360,529.9
2026-06-09,cobra hybrid optm,Name,Cobra OPTM Hybrid,Cobra,Total Golf,529.0
2026-06-09,cobra fairway max optm wood,Name,Cobra OPTM MAX Fairway Wood,Cobra,The Clubroom,559.2
2026-06-09,cobra fairway max optm wood,Name,Cobra OPTM MAX Fairway Wood,Cobra,Golf 360,699.9
2026-06-09,cobra fairway max optm wood,Name,Cobra OPTM MAX Fairway Wood,Cobra,Total Golf,699.0
2026-06-09,bushnell rangefinder tour v6,Name,Bushnell Tour V6 Rangefinder,Bushnell,Golf Warehouse,519.99
2026-06-09,bushnell rangefinder tour v6,Name,Bushnell Tour V6 Rangefinder,Bushnell,Golf 360,649.9
2026-06-09,bushnell rangefinder tour v6,Name,Bushnell Tour V6 Rangefinder,Bushnell,The Golf Shop,599.0
2026-06-09,care ecco kit shoe,Name,Ecco Shoe Care Kit,Ecco,Golf HQ,58.65
2026-06-09,care ecco kit shoe,Name,Ecco Shoe Care Kit,Ecco,The Clubroom,55.92
2026-06-09,care ecco kit shoe,Name,Ecco Shoe Care Kit,Ecco,Golf 360,69.9
2026-06-09,clicgear cup holder xl,Name,ClicGear Cup Holder XL,Clicgear,Golf HQ,24.65
2026-06-09,clicgear cup holder xl,Name,ClicGear Cup Holder XL,Clicgear,The Clubroom,26.91
2026-06-09,clicgear cup holder xl,Name,ClicGear Cup Holder XL,Clicgear,Golf 360,29.9
2026-06-09,ai mgi seat trundler,Name,MGI AI Trundler Seat,MGI,Golf HQ,228.65
2026-06-09,ai mgi seat trundler,Name,MGI AI Trundler Seat,MGI,Golf 360,269.9
2026-06-09,ai mgi seat trundler,Name,MGI AI Trundler Seat,MGI,The Golf Shop,264.95
2026-06-09,cover large ping travel,Name,Ping Large Travel Cover,PING,Golf HQ,356.15
2026-06-09,cover large ping travel,Name,Ping Large Travel Cover,PING,Golf 360,419.9
2026-06-09,cover large ping travel,Name,Ping Large Travel Cover,PING,Total Golf,399.0
2026-06-09,holder mgi umbrella,Name,MGI Umbrella Holder,MGI,Golf HQ,58.65
2026-06-09,holder mgi umbrella,Name,MGI Umbrella Holder,MGI,The Clubroom,62.91
2026-06-09,holder mgi umbrella,Name,MGI Umbrella Holder,MGI,Total Golf,69.0
2026-06-09,bushnell hd wingman,Name,Bushnell Wingman HD,Bushnell,Golf HQ,474.05
2026-06-09,bushnell hd wingman,Name,Bushnell Wingman HD,Bushnell,The Clubroom,404.96
2026-06-09,bushnell hd wingman,Name,Bushnell Wingman HD,Bushnell,Golf 360,449.9
2026-06-09,callaway elyte hybrid,Name,Callaway Elyte Hybrid,Callaway,Golf HQ,495.2
2026-06-09,callaway elyte hybrid,Name,Callaway Elyte Hybrid,Callaway,Golf 360,499.0
2026-06-09,callaway elyte hybrid,Name,Callaway Elyte Hybrid,Callaway,Total Golf,579.0
2026-06-09,2025 4 anser ping putter scottsdale,Name,PING 2025 Scottsdale Anser 4 Putter,PING,Golf HQ,539.1
2026-06-09,2025 4 anser ping putter scottsdale,Name,PING 2025 Scottsdale Anser 4 Putter,PING,The Clubroom,539.96
2026-06-09,2025 4 anser ping putter scottsdale,Name,PING 2025 Scottsdale Anser 4 Putter,PING,Golf 360,599.9
2026-06-09,2025 2d anser ping putter scottsdale,Name,PING 2025 Scottsdale Anser 2D Putter,PING,Golf HQ,539.1
2026-06-09,2025 2d anser ping putter scottsdale,Name,PING 2025 Scottsdale Anser 2D Putter,PING,The Clubroom,539.96
2026-06-09,2025 2d anser ping putter scottsdale,Name,PING 2025 Scottsdale Anser 2D Putter,PING,Golf 360,599.9
2026-06-09,2025 ds72 ping putter scottsdale,Name,PING 2025 Scottsdale DS72 Putter,PING,Golf HQ,539.1
2026-06-09,2025 ds72 ping putter scottsdale,Name,PING 2025 Scottsdale DS72 Putter,PING,The Clubroom,539.96
2026-06-09,2025 ds72 ping putter scottsdale,Name,PING 2025 Scottsdale DS72 Putter,PING,Golf 360,599.9
2026-06-09,2025 4 ping prime putter scottsdale tyne,Name,PING 2025 Scottsdale Prime Tyne 4 Putter,PING,Golf HQ,539.1
2026-06-09,2025 4 ping prime putter scottsdale tyne,Name,PING 2025 Scottsdale Prime Tyne 4 Putter,PING,The Clubroom,539.96
2026-06-09,2025 4 ping prime putter scottsdale tyne,Name,PING 2025 Scottsdale Prime Tyne 4 Putter,PING,Golf 360,599.9
2026-06-09,2025 c ping prime putter scottsdale tyne,Name,PING 2025 Scottsdale Prime Tyne C Putter,PING,Golf HQ,539.1
2026-06-09,2025 c ping prime putter scottsdale tyne,Name,PING 2025 Scottsdale Prime Tyne C Putter,PING,The Clubroom,539.96
2026-06-09,2025 c ping prime putter scottsdale tyne,Name,PING 2025 Scottsdale Prime Tyne C Putter,PING,Golf 360,599.9
2026-06-09,2025 craz e ping putter scottsdale,Name,PING 2025 Scottsdale Craz-E Putter,PING,Golf HQ,539.1
2026-06-09,2025 craz e ping putter scottsdale,Name,PING 2025 Scottsdale Craz-E Putter,PING,The Clubroom,539.96
2026-06-09,2025 craz e ping putter scottsdale,Name,PING 2025 Scottsdale Craz-E Putter,PING,Golf 360,599.9
2026-06-09,callaway driver mini quantum,Name,Callaway Quantum Mini Driver,Callaway,Golf HQ,962.1
2026-06-09,callaway driver mini quantum,Name,Callaway Quantum Mini Driver,Callaway,Golf 360,1069.9
2026-06-09,callaway driver mini quantum,Name,Callaway Quantum Mini Driver,Callaway,Total Golf,1069.0
2026-06-09,callaway diamond driver max quantum triple,Name,Callaway Quantum Triple Diamond Max Driver,Callaway,Golf HQ,1223.1
2026-06-09,callaway diamond driver max quantum triple,Name,Callaway Quantum Triple Diamond Max Driver,Callaway,Golf 360,1359.9
2026-06-09,callaway diamond driver max quantum triple,Name,Callaway Quantum Triple Diamond Max Driver,Callaway,Total Golf,1359.0
2026-06-09,callaway diamond driver quantum triple,Name,Callaway Quantum Triple Diamond Driver,Callaway,Golf HQ,1223.1
2026-06-09,callaway diamond driver quantum triple,Name,Callaway Quantum Triple Diamond Driver,Callaway,Golf 360,1359.9
2026-06-09,callaway diamond driver quantum triple,Name,Callaway Quantum Triple Diamond Driver,Callaway,The Golf Shop,1359.95
2026-06-09,callaway d driver max quantum,Name,Callaway Quantum Max D Driver,Callaway,Golf HQ,1133.1
2026-06-09,callaway d driver max quantum,Name,Callaway Quantum Max D Driver,Callaway,Golf 360,1259.9
2026-06-09,callaway d driver max quantum,Name,Callaway Quantum Max D Driver,Callaway,The Golf Shop,1259.95
2026-06-09,bushnell pro rangefinder xm,Name,Bushnell Pro XM Rangefinder,Bushnell,Golf HQ,945.25
2026-06-09,bushnell pro rangefinder xm,Name,Bushnell Pro XM Rangefinder,Bushnell,The Clubroom,895.5
2026-06-09,bushnell pro rangefinder xm,Name,Bushnell Pro XM Rangefinder,Bushnell,Golf 360,995.9
2026-06-09,driver jpx mizuno one select,Name,Mizuno JPX ONE Select Driver,Mizuno,The Clubroom,989.1
2026-06-09,driver jpx mizuno one select,Name,Mizuno JPX ONE Select Driver,Mizuno,Golf 360,1099.9
2026-06-09,driver jpx mizuno one select,Name,Mizuno JPX ONE Select Driver,Mizuno,The Golf Shop,1099.0
2026-06-09,driver jpx mizuno one,Name,Mizuno JPX ONE Driver,Mizuno,The Clubroom,989.1
2026-06-09,driver jpx mizuno one,Name,Mizuno JPX ONE Driver,Mizuno,Golf 360,1099.9
2026-06-09,driver jpx mizuno one,Name,Mizuno JPX ONE Driver,Mizuno,The Golf Shop,1099.0
2026-06-09,driver gt3 titleist,Name,Titleist GT3 Driver,Titleist,Golf HQ,863.1
2026-06-09,driver gt3 titleist,Name,Titleist GT3 Driver,Titleist,Golf 360,949.0
2026-06-09,driver gt3 titleist,Name,Titleist GT3 Driver,Titleist,Total Golf,0.0
2026-06-09,driver gt2 titleist,Name,Titleist GT2 Driver,Titleist,Golf HQ,863.1
2026-06-09,driver gt2 titleist,Name,Titleist GT2 Driver,Titleist,Golf 360,949.0
2026-06-09,driver gt2 titleist,Name,Titleist GT2 Driver,Titleist,Total Golf,0.0
2026-06-09,fairway g440 ping sft wood,Name,PING G440 SFT Fairway Wood,PING,The Clubroom,710.96
2026-06-09,fairway g440 ping sft wood,Name,PING G440 SFT Fairway Wood,PING,Golf 360,789.9
2026-06-09,fairway g440 ping sft wood,Name,PING G440 SFT Fairway Wood,PING,Total Golf,0.0
2026-06-09,irons m13 mizuno,Name,Mizuno M13 Irons,Mizuno,The Clubroom,368.1
2026-06-09,irons m13 mizuno,Name,Mizuno M13 Irons,Mizuno,The Golf Shop,2863.0
2026-06-09,2025 irons t250 titleist,Name,2025 Titleist T250 Irons,Titleist,Golf HQ,2387.7
2026-06-09,2025 irons t250 titleist,Name,2025 Titleist T250 Irons,Titleist,The Clubroom,341.1
2026-06-09,2025 irons t100 titleist,Name,2025 Titleist T100 Irons,Titleist,Golf HQ,2387.7
2026-06-09,2025 irons t100 titleist,Name,2025 Titleist T100 Irons,Titleist,The Clubroom,341.1
2026-06-09,callaway irons max os quantum,Name,Callaway Quantum Max OS Irons,Callaway,Golf HQ,2198.7
2026-06-09,callaway irons max os quantum,Name,Callaway Quantum Max OS Irons,Callaway,Total Golf,319.0
2026-06-09,3 irons mizuno pro s,Name,Mizuno Pro S-3 Irons,Mizuno,Golf HQ,2576.7
2026-06-09,3 irons mizuno pro s,Name,Mizuno Pro S-3 Irons,Mizuno,Total Golf,379.0
2026-06-09,hot irons jpx925 metal mizuno pro,Name,Mizuno JPX925 Hot Metal Pro Irons,Mizuno,Golf HQ,1946.7
2026-06-09,hot irons jpx925 metal mizuno pro,Name,Mizuno JPX925 Hot Metal Pro Irons,Mizuno,Total Golf,289.0
2026-06-09,ai200 apex callaway irons,Name,Callaway APEX AI200  Irons,Callaway,Golf HQ,2699.1
2026-06-09,ai200 apex callaway irons,Name,Callaway APEX AI200  Irons,Callaway,Total Golf,409.0
2026-06-09,g irons ladies le4 ping,Name,PING Ladies G Le4 Irons,PING,Golf HQ,2645.1
2026-06-09,g irons ladies le4 ping,Name,PING Ladies G Le4 Irons,PING,Total Golf,419.0
2026-06-09,2025 irons launch spec t250 titleist,Name,2025 Titleist T250 'Launch Spec' Irons,Titleist,Golf HQ,2046.6
2026-06-09,2025 irons launch spec t250 titleist,Name,2025 Titleist T250 'Launch Spec' Irons,Titleist,The Clubroom,341.1
2026-06-09,2025 irons t150 titleist,Name,2025 Titleist T150 Irons,Titleist,Golf HQ,2046.6
2026-06-09,2025 irons t150 titleist,Name,2025 Titleist T150 Irons,Titleist,The Clubroom,341.1
2026-06-09,ai300 apex callaway irons,Name,Callaway APEX AI300 irons,Callaway,Golf HQ,2316.6
2026-06-09,ai300 apex callaway irons,Name,Callaway APEX AI300 irons,Callaway,Total Golf,409.0
2026-06-09,2025 irons t350 titleist,Name,2025 Titleist T350 Irons,Titleist,Golf HQ,1795.5
2026-06-09,2025 irons t350 titleist,Name,2025 Titleist T350 Irons,Titleist,The Clubroom,341.1
2026-06-09,hot irons jpx925 metal mizuno,Name,Mizuno JPX925 Hot Metal Irons,Mizuno,Golf HQ,1390.5
2026-06-09,hot irons jpx925 metal mizuno,Name,Mizuno JPX925 Hot Metal Irons,Mizuno,Total Golf,289.0
2026-06-09,2025 balls callaway golf supersoft white,Name,Callaway 2025 Supersoft Golf Balls - White,Callaway,Golf HQ,41.65
2026-06-09,2025 balls callaway golf supersoft white,Name,Callaway 2025 Supersoft Golf Balls - White,Callaway,Golf 360,16.0
2026-06-09,gustbuster umbrella,Name,Gustbuster Umbrella,Gustbuster,The Clubroom,119.9
2026-06-09,gustbuster umbrella,Name,Gustbuster Umbrella,Gustbuster,Golf 360,69.9
2026-06-09,adjustable cap mizuno tour vent,Name,Mizuno Tour Vent Adjustable Cap,Mizuno,The Clubroom,34.93
2026-06-09,adjustable cap mizuno tour vent,Name,Mizuno Tour Vent Adjustable Cap,Mizuno,Golf 360,59.9
2026-06-09,footjoy golf rival s shoes tour women,Name,FootJoy Women's Tour Rival Golf Shoes,FootJoy,Golf HQ,125.37
2026-06-09,footjoy golf rival s shoes tour women,Name,FootJoy Women's Tour Rival Golf Shoes,FootJoy,Golf 360,199.9
2026-06-09,fold golf masters towel tri,Name,Masters Golf Tri-Fold Golf Towel,Masters,Golf HQ,12.75
2026-06-09,fold golf masters towel tri,Name,Masters Golf Tri-Fold Golf Towel,Masters,Golf 360,19.9
2026-06-09,black bucket footjoy hat hydroseries,Name,FootJoy HydroSeries Bucket Hat - Black,FootJoy,Golf HQ,83.3
2026-06-09,black bucket footjoy hat hydroseries,Name,FootJoy HydroSeries Bucket Hat - Black,FootJoy,The Clubroom,55.97
2026-06-09,bucket footjoy hat hydroseries navy,Name,FootJoy HydroSeries Bucket Hat - Navy,FootJoy,Golf HQ,83.3
2026-06-09,bucket footjoy hat hydroseries navy,Name,FootJoy HydroSeries Bucket Hat - Navy,FootJoy,The Clubroom,55.97
2026-06-09,floral footjoy orchid s shirt short sleeve women,Name,FootJoy Women's Short Sleeve Shirt - Orchid Floral,Footjoy,The Clubroom,90.3
2026-06-09,floral footjoy orchid s shirt short sleeve women,Name,FootJoy Women's Short Sleeve Shirt - Orchid Floral,Footjoy,Golf 360,129.9
2026-06-09,dye footjoy high lisle men polo s space tide,Name,FootJoy Men's Space Dye Lisle Polo - High Tide,Footjoy,The Clubroom,90.3
2026-06-09,dye footjoy high lisle men polo s space tide,Name,FootJoy Men's Space Dye Lisle Polo - High Tide,Footjoy,Golf 360,129.9
2026-06-09,aerial blue footjoy knit performance s skort stone women,Name,FootJoy Women's Aerial Performance Knit Skort - Blue Stone,Footjoy,The Clubroom,104.3
2026-06-09,aerial blue footjoy knit performance s skort stone women,Name,FootJoy Women's Aerial Performance Knit Skort - Blue Stone,Footjoy,Golf 360,149.9
2026-06-09,bucket hat l mizuno sun white xl,Name,Mizuno Bucket Sun Hat | L/XL | White,Mizuno,The Clubroom,48.99
2026-06-09,bucket hat l mizuno sun white xl,Name,Mizuno Bucket Sun Hat | L/XL | White,Mizuno,Golf 360,69.9
2026-06-09,230 driver max mizuno st,Name,Mizuno ST-Max 230 Driver,Mizuno,Golf HQ,989.1
2026-06-09,230 driver max mizuno st,Name,Mizuno ST-Max 230 Driver,Mizuno,Golf 360,699.0
2026-06-09,5 adidas pants pocket ultimate365,Name,adidas Ultimate365 5-Pocket Pants,adidas,Golf Warehouse,101.99
2026-06-09,5 adidas pants pocket ultimate365,Name,adidas Ultimate365 5-Pocket Pants,adidas,Golf HQ,143.65
2026-06-09,black cap footjoy hydroseries rain,Name,FootJoy HydroSeries Rain Cap - Black,FootJoy,Golf HQ,58.65
2026-06-09,black cap footjoy hydroseries rain,Name,FootJoy HydroSeries Rain Cap - Black,FootJoy,The Clubroom,41.97
2026-06-09,g le3 ping umbrella,Name,Ping G Le3 Umbrella,PING,The Clubroom,109.95
2026-06-09,g le3 ping umbrella,Name,Ping G Le3 Umbrella,PING,Golf 360,79.0
2026-06-09,alpha cover ogio slim travel,Name,Ogio Alpha Travel Cover - Slim,OGIO,Golf HQ,364.65
2026-06-09,alpha cover ogio slim travel,Name,Ogio Alpha Travel Cover - Slim,OGIO,Golf 360,499.9
2026-06-09,2026 ball cap marker navy performance players titleist white,Name,2026 Titleist Players Performance Ball Marker Cap - Navy/White,Titleist,The Clubroom,34.97
2026-06-09,2026 ball cap marker navy performance players titleist white,Name,2026 Titleist Players Performance Ball Marker Cap - Navy/White,Titleist,Golf 360,47.9
2026-06-09,approach garmin golf gps s12 watch,Name,Garmin Approach S12 Golf GPS Watch,Garmin,Golf 360,299.0
2026-06-09,approach garmin golf gps s12 watch,Name,Garmin Approach S12 Golf GPS Watch,Garmin,The Golf Shop,399.0
2026-06-09,bottle cleaner club golf masters water,Name,Masters Water Bottle Golf Club Cleaner,Masters,Golf HQ,12.75
2026-06-09,bottle cleaner club golf masters water,Name,Masters Water Bottle Golf Club Cleaner,Masters,Golf 360,16.9
2026-06-09,cover mgi rain,Name,MGI Rain Cover,MGI,Golf HQ,211.65
2026-06-09,cover mgi rain,Name,MGI Rain Cover,MGI,The Clubroom,279.95
2026-06-09,2025 cap marble performance pink soft titleist tour white,Name,Titleist 2025 Tour Performance Cap - White/Soft Pink/Marble,Titleist,Golf HQ,36.55
2026-06-09,2025 cap marble performance pink soft titleist tour white,Name,Titleist 2025 Tour Performance Cap - White/Soft Pink/Marble,Titleist,Golf 360,47.9
2026-06-09,2025 cap navy performance red titleist tour white,Name,Titleist 2025 Tour Performance Cap - White/Navy/Red,Titleist,Golf HQ,36.55
2026-06-09,2025 cap navy performance red titleist tour white,Name,Titleist 2025 Tour Performance Cap - White/Navy/Red,Titleist,Golf 360,47.9
2026-06-09,footjoy glove golf men s weathersof white,Name,FootJoy WeatherSof Men's Golf Glove - White,Footjoy,The Clubroom,22.91
2026-06-09,footjoy glove golf men s weathersof white,Name,FootJoy WeatherSof Men's Golf Glove - White,Footjoy,Golf 360,29.9
2026-06-09,ball compact golf masters retriever super,Name,Masters Super Compact Golf Ball Retriever,Masters,Golf HQ,30.6
2026-06-09,ball compact golf masters retriever super,Name,Masters Super Compact Golf Ball Retriever,Masters,Golf 360,39.9
2026-06-09,bag mgi travel,Name,MGI Travel Bag,MGI,Golf HQ,169.15
2026-06-09,bag mgi travel,Name,MGI Travel Bag,MGI,The Clubroom,129.95
2026-06-09,canopy double ping tour umbrella,Name,Ping Double Canopy Tour Umbrella,PING,Golf HQ,92.65
2026-06-09,canopy double ping tour umbrella,Name,Ping Double Canopy Tour Umbrella,PING,Golf 360,119.9
2026-06-09,lindum men ping polo s white,Name,Ping Men's Lindum Polo - White,PING,Golf HQ,80.75
2026-06-09,lindum men ping polo s white,Name,Ping Men's Lindum Polo - White,PING,The Clubroom,62.93
2026-06-09,tee tees tour,Name,Tour Tees,Tour Tee,Golf HQ,8.5
2026-06-09,tee tees tour,Name,Tour Tees,Tour Tee,Golf 360,10.9
2026-06-09,bag clicgear rangefinder valuables,Name,ClicGear Rangefinder/Valuables Bag,Clicgear,Golf HQ,46.75
2026-06-09,bag clicgear rangefinder valuables,Name,ClicGear Rangefinder/Valuables Bag,Clicgear,Golf 360,59.9
2026-06-09,mgi seat trundler zip,Name,MGI Zip Trundler Seat,MGI,Golf HQ,211.65
2026-06-09,mgi seat trundler zip,Name,MGI Zip Trundler Seat,MGI,Golf 360,269.9
2026-06-09,black footjoy glove golf raingrip s women,Name,FootJoy Women's Raingrip Golf Glove - Black,Footjoy,The Clubroom,23.76
2026-06-09,black footjoy glove golf raingrip s women,Name,FootJoy Women's Raingrip Golf Glove - Black,Footjoy,Golf 360,29.9
2026-06-09,bushnell pro rangefinder x3,Name,Bushnell Pro X3+ Rangefinder,Bushnell,Golf Warehouse,900.0
2026-06-09,bushnell pro rangefinder x3,Name,Bushnell Pro X3+ Rangefinder,Bushnell,Golf 360,1125.0
2026-06-09,golf net pga pro tour training,Name,PGA Tour Pro Golf Training Net,PGA,Golf Warehouse,239.99
2026-06-09,golf net pga pro tour training,Name,PGA Tour Pro Golf Training Net,PGA,The Clubroom,299.9
2026-06-09,blue boa ecco golf lt1 s shoe white women,Name,ECCO Women's LT1 BOA Golf Shoe - White/Blue,ECCO,The Clubroom,343.96
2026-06-09,blue boa ecco golf lt1 s shoe white women,Name,ECCO Women's LT1 BOA Golf Shoe - White/Blue,ECCO,Golf 360,429.9
2026-06-09,cobra irons king tour,Name,Cobra KING Tour Irons,Cobra,The Clubroom,1903.44
2026-06-09,cobra irons king tour,Name,Cobra KING Tour Irons,Cobra,The Golf Shop,2373.0
2026-06-09,footjoy glove golf s sofjoy white women,Name,FootJoy Women's SofJoy Golf Glove - White,Footjoy,The Clubroom,32.26
2026-06-09,footjoy glove golf s sofjoy white women,Name,FootJoy Women's SofJoy Golf Glove - White,Footjoy,Golf 360,39.9
2026-06-09,green gripper masters,Name,Masters Green Gripper,Masters,Golf HQ,8.5
2026-06-09,green gripper masters,Name,Masters Green Gripper,Masters,The Clubroom,6.9
2026-06-09,bushnell gps mini speaker wingman,Name,Bushnell Wingman Mini GPS Speaker,Bushnell,Golf HQ,208.05
2026-06-09,bushnell gps mini speaker wingman,Name,Bushnell Wingman Mini GPS Speaker,Bushnell,Golf 360,170.0
2026-06-09,boardwalk cap charcoal crimson rope titleist,Name,Titleist Boardwalk Rope Cap - Charcoal/Crimson,Titleist,Golf HQ,38.25
2026-06-09,boardwalk cap charcoal crimson rope titleist,Name,Titleist Boardwalk Rope Cap - Charcoal/Crimson,Titleist,The Clubroom,31.47
2026-06-09,black footjoy hoodie lightweight,Name,FootJoy Lightweight Hoodie - Black,FootJoy,Golf HQ,152.15
2026-06-09,black footjoy hoodie lightweight,Name,FootJoy Lightweight Hoodie - Black,FootJoy,The Clubroom,125.3
2026-06-09,97 cap golf green huffer par,Name,Huffer Golf Cap / Par 97 - Golf Green,Huffer Golf,Golf HQ,50.92
2026-06-09,97 cap golf green huffer par,Name,Huffer Golf Cap / Par 97 - Golf Green,Huffer Golf,The Clubroom,41.93
2026-06-09,callaway divot double prong tool,Name,Callaway Double Prong Divot Tool,Callaway,Golf HQ,24.65
2026-06-09,callaway divot double prong tool,Name,Callaway Double Prong Divot Tool,Callaway,Golf 360,29.9
2026-06-09,clicgear cup holder,Name,ClicGear Cup Holder,Clicgear,Golf HQ,24.65
2026-06-09,clicgear cup holder,Name,ClicGear Cup Holder,Clicgear,Golf 360,29.9
2026-06-09,clicgear towel,Name,Clicgear Towel,Clicgear,Golf HQ,24.65
2026-06-09,clicgear towel,Name,Clicgear Towel,Clicgear,The Clubroom,29.9
2026-06-09,bag deluxe masters shag,Name,Masters Deluxe Shag bag,Masters,Golf HQ,41.65
2026-06-09,bag deluxe masters shag,Name,Masters Deluxe Shag bag,Masters,The Clubroom,49.9
2026-06-09,cap patch ping,Name,Ping Patch Cap,PING,Golf HQ,41.65
2026-06-09,cap patch ping,Name,Ping Patch Cap,PING,Golf 360,49.9
2026-06-09,fold golf ping towel tri,Name,Ping Tri Fold Golf Towel,PING,Golf HQ,41.65
2026-06-09,fold golf ping towel tri,Name,Ping Tri Fold Golf Towel,PING,Golf 360,49.9
2026-06-09,2025 cameron design fastback long putter scotty studio style,Name,2025 Scotty Cameron Studio Style Fastback Long Design Putter,Scotty Cameron,The Clubroom,836.1
2026-06-09,2025 cameron design fastback long putter scotty studio style,Name,2025 Scotty Cameron Studio Style Fastback Long Design Putter,Scotty Cameron,Golf 360,999.9
2026-06-09,cap grey phoenician ping,Name,Ping Phoenician Cap - Grey,PING,Golf HQ,50.15
2026-06-09,cap grey phoenician ping,Name,Ping Phoenician Cap - Grey,PING,Golf 360,59.9
2026-06-09,cap phoenician ping white,Name,Ping Phoenician Cap - White,PING,Golf HQ,50.15
2026-06-09,cap phoenician ping white,Name,Ping Phoenician Cap - White,PING,Golf 360,59.9
2026-06-09,black cap phoenician ping,Name,Ping Phoenician Cap - Black,PING,Golf HQ,50.15
2026-06-09,black cap phoenician ping,Name,Ping Phoenician Cap - Black,PING,Golf 360,59.9
2026-06-09,cleaner golf grip gripcaddie,Name,GripCaddie Golf Grip Cleaner,GripCaddie,Golf HQ,50.15
2026-06-09,cleaner golf grip gripcaddie,Name,GripCaddie Golf Grip Cleaner,GripCaddie,Golf 360,59.9
2026-06-09,cap mesh obc ogio olive renegade,Name,OGIO Renegade OBC Mesh Cap - Olive,OGIO,Golf HQ,58.65
2026-06-09,cap mesh obc ogio olive renegade,Name,OGIO Renegade OBC Mesh Cap - Olive,OGIO,Golf 360,69.9
2026-06-09,axglo lite tri trundler v2,Name,Axglo Tri-Lite V2 Trundler,Axglo,The Clubroom,275.92
2026-06-09,axglo lite tri trundler v2,Name,Axglo Tri-Lite V2 Trundler,Axglo,Total Golf,329.0
2026-06-09,bag cart mizuno osaka,Name,Mizuno Osaka Cart Bag,Mizuno,Golf HQ,335.75
2026-06-09,bag cart mizuno osaka,Name,Mizuno Osaka Cart Bag,Mizuno,Golf 360,399.9
2026-06-09,balls dozen golf mizuno pro s,Name,Mizuno Pro S Golf Balls - Dozen,Mizuno,Golf HQ,67.15
2026-06-09,balls dozen golf mizuno pro s,Name,Mizuno Pro S Golf Balls - Dozen,Mizuno,The Golf Shop,79.95
2026-06-09,balls dozen golf mizuno pro x,Name,Mizuno Pro X Golf Balls - Dozen,Mizuno,Golf HQ,67.15
2026-06-09,balls dozen golf mizuno pro x,Name,Mizuno Pro X Golf Balls - Dozen,Mizuno,The Golf Shop,79.95
2026-06-09,balls callaway chrome dozen golf tour x,Name,Callaway Chrome Tour X Golf Balls - Dozen,Callaway,Golf HQ,84.0
2026-06-09,balls callaway chrome dozen golf tour x,Name,Callaway Chrome Tour X Golf Balls - Dozen,Callaway,The Golf Shop,99.95
2026-06-09,breezer bucket grey hat titleist white,Name,Titleist Breezer Bucket Hat - Grey/White,Titleist,Golf HQ,39.95
2026-06-09,breezer bucket grey hat titleist white,Name,Titleist Breezer Bucket Hat - Grey/White,Titleist,The Clubroom,33.57
2026-06-09,axglo bag cooler,Name,Axglo Cooler Bag,Axglo,Golf HQ,75.65
2026-06-09,axglo bag cooler,Name,Axglo Cooler Bag,Axglo,Golf 360,89.9
2026-06-09,24 adidas golf ladies s2g shoes spikeless,Name,adidas Ladies S2G Spikeless 24 Golf Shoes,adidas,Golf Warehouse,135.99
2026-06-09,24 adidas golf ladies s2g shoes spikeless,Name,adidas Ladies S2G Spikeless 24 Golf Shoes,adidas,Golf HQ,161.1
2026-06-09,2 back basics gates mirror path pro putting with,Name,Back 2 Basics Pro Path Putting Mirror with Gates,Back 2 Basics,Golf HQ,109.65
2026-06-09,2 back basics gates mirror path pro putting with,Name,Back 2 Basics Pro Path Putting Mirror with Gates,Back 2 Basics,Golf 360,129.9
2026-06-09,bag shag titleist,Name,Titleist Shag Bag,Titleist,Golf HQ,105.4
2026-06-09,bag shag titleist,Name,Titleist Shag Bag,Titleist,Golf 360,124.9
2026-06-09,holder mgi phone,Name,MGI Phone Holder,MGI,Golf HQ,101.15
2026-06-09,holder mgi phone,Name,MGI Phone Holder,MGI,Golf 360,119.9
2026-06-09,8ft essential mat putting wellputt,Name,Wellputt 8FT Essential Putting Mat,Wellputt,Golf HQ,152.15
2026-06-09,8ft essential mat putting wellputt,Name,Wellputt 8FT Essential Putting Mat,Wellputt,The Clubroom,179.95
2026-06-09,footjoy green hoodie pullover stone thermoseries,Name,FootJoy ThermoSeries Pullover Hoodie - Stone/Green,FootJoy,Golf HQ,177.65
2026-06-09,footjoy green hoodie pullover stone thermoseries,Name,FootJoy ThermoSeries Pullover Hoodie - Stone/Green,FootJoy,Golf 360,209.9
2026-06-09,black charcoal footjoy hoodie pullover thermoseries,Name,FootJoy ThermoSeries Pullover Hoodie - Charcoal/Black,FootJoy,Golf HQ,177.65
2026-06-09,black charcoal footjoy hoodie pullover thermoseries,Name,FootJoy ThermoSeries Pullover Hoodie - Charcoal/Black,FootJoy,Golf 360,209.9
2026-06-09,orange trainer whip,Name,Orange Whip Trainer,Orange Whip,Golf HQ,203.15
2026-06-09,orange trainer whip,Name,Orange Whip Trainer,Orange Whip,Golf 360,239.9
2026-06-09,14 bag callaway cart org,Name,Callaway ORG 14 Cart Bag,Callaway,Golf 360,529.9
2026-06-09,14 bag callaway cart org,Name,Callaway ORG 14 Cart Bag,Callaway,Total Golf,449.0
2026-06-09,bag black forerunner mountain stand sun,Name,Sun Mountain Forerunner Stand Bag - Black,Sun Mountain,Golf HQ,381.65
2026-06-09,bag black forerunner mountain stand sun,Name,Sun Mountain Forerunner Stand Bag - Black,Sun Mountain,Golf 360,449.9
2026-06-09,bag black forerunner mountain nickel red stand sun,Name,Sun Mountain Forerunner Stand Bag - Black/ Nickel/Red,Sun Mountain,Golf HQ,381.65
2026-06-09,bag black forerunner mountain nickel red stand sun,Name,Sun Mountain Forerunner Stand Bag - Black/ Nickel/Red,Sun Mountain,Golf 360,449.9
2026-06-09,bag black cart forerunner mountain sun,Name,Sun Mountain Forerunner Cart Bag - Black,Sun Mountain,Golf HQ,381.65
2026-06-09,bag black cart forerunner mountain sun,Name,Sun Mountain Forerunner Cart Bag - Black,Sun Mountain,Golf 360,449.9
2026-06-09,bag black cart forerunner mountain nickel red sun,Name,Sun Mountain Forerunner Cart Bag - Black/Nickel/Red,Sun Mountain,Golf HQ,381.65
2026-06-09,bag black cart forerunner mountain nickel red sun,Name,Sun Mountain Forerunner Cart Bag - Black/Nickel/Red,Sun Mountain,Golf 360,449.9
2026-06-09,2025 bag blue cart mizuno tour white,Name,2025 Mizuno Tour Cart Bag - White / Blue,Mizuno,Golf HQ,424.15
2026-06-09,2025 bag blue cart mizuno tour white,Name,2025 Mizuno Tour Cart Bag - White / Blue,Mizuno,Golf 360,499.9
2026-06-09,14 2025 bag callaway cart green org tropics,Name,Callaway 2025 Org 14 Cart Bag | Green Tropics,Callaway,Golf HQ,449.65
2026-06-09,14 2025 bag callaway cart green org tropics,Name,Callaway 2025 Org 14 Cart Bag | Green Tropics,Callaway,Golf 360,529.9
2026-06-09,14 2025 bag callaway cart hd org,Name,Callaway ORG 14 HD Cart Bag 2025,Callaway,Golf HQ,509.15
2026-06-09,14 2025 bag callaway cart hd org,Name,Callaway ORG 14 HD Cart Bag 2025,Callaway,Golf 360,599.9
2026-06-09,driving net portable range rukket spdr tri turf with,Name,Rukket SPDR Portable Driving Range Net with Tri Turf,Rukket,Golf HQ,679.15
2026-06-09,driving net portable range rukket spdr tri turf with,Name,Rukket SPDR Portable Driving Range Net with Tri Turf,Rukket,Golf 360,799.9
2026-06-09,cover mizuno travel,Name,Mizuno Travel Cover,Mizuno,Golf HQ,398.65
2026-06-09,cover mizuno travel,Name,Mizuno Travel Cover,Mizuno,The Clubroom,469.0
2026-06-09,hitting mat rukket tri turf,Name,Rukket Tri Turf Hitting Mat,Rukket,Golf HQ,127.5
2026-06-09,hitting mat rukket tri turf,Name,Rukket Tri Turf Hitting Mat,Rukket,The Clubroom,149.95
2026-06-09,adjuster angle clicgear umbrella,Name,ClicGear Umbrella Angle Adjuster,Clicgear,Golf HQ,58.65
2026-06-09,adjuster angle clicgear umbrella,Name,ClicGear Umbrella Angle Adjuster,Clicgear,The Clubroom,69.0
2026-06-09,cover kube mountain raptor steel sun travel,Name,Sun Mountain Kube Travel Cover - Raptor/Steel,Sun Mountain,The Clubroom,373.92
2026-06-09,cover kube mountain raptor steel sun travel,Name,Sun Mountain Kube Travel Cover - Raptor/Steel,Sun Mountain,Golf 360,439.9
2026-06-09,14 bag cart golf stadry titleist,Name,Titleist Cart 14 StaDry Golf Bag,Titleist,The Clubroom,492.92
2026-06-09,14 bag cart golf stadry titleist,Name,Titleist Cart 14 StaDry Golf Bag,Titleist,Golf 360,579.9
2026-06-09,14 bag cart golf titleist,Name,Titleist Cart 14 Golf Bag,Titleist,The Clubroom,348.46
2026-06-09,14 bag cart golf titleist,Name,Titleist Cart 14 Golf Bag,Titleist,Golf 360,409.9
2026-06-09,15 bag cart golf titleist,Name,Titleist Cart 15 Golf Bag,Titleist,The Clubroom,407.96
2026-06-09,15 bag cart golf titleist,Name,Titleist Cart 15 Golf Bag,Titleist,Golf 360,479.9
2026-06-09,bag black hoofer ping stand tour white,Name,Ping Hoofer Tour Stand Bag - White/Black,PING,Golf HQ,599.0
2026-06-09,bag black hoofer ping stand tour white,Name,Ping Hoofer Tour Stand Bag - White/Black,PING,The Clubroom,509.96
2026-06-09,cart mizuno towel,Name,Mizuno Cart Towel,Mizuno,Golf HQ,38.25
2026-06-09,cart mizuno towel,Name,Mizuno Cart Towel,Mizuno,The Clubroom,44.95
2026-06-09,bag clicgear cozy,Name,ClicGear Bag Cozy,Clicgear,Golf HQ,38.25
2026-06-09,bag clicgear cozy,Name,ClicGear Bag Cozy,Clicgear,The Clubroom,44.96
2026-06-09,2025 cap performance titleist tour,Name,Titleist 2025 Tour Performance Cap,Titleist,Golf HQ,40.8
2026-06-09,2025 cap performance titleist tour,Name,Titleist 2025 Tour Performance Cap,Titleist,Golf 360,47.9
2026-06-09,bogey callaway cap free,Name,Callaway Bogey Free Cap,Callaway,Golf HQ,46.75
2026-06-09,bogey callaway cap free,Name,Callaway Bogey Free Cap,Callaway,Golf 360,54.9
2026-06-09,adapt cobra ds fairway ls wood,Name,Cobra DS ADAPT LS Fairway Wood,Cobra,Golf HQ,608.3
2026-06-09,adapt cobra ds fairway ls wood,Name,Cobra DS ADAPT LS Fairway Wood,Cobra,The Clubroom,521.4
2026-06-09,and ball clip golf marker masters putter,Name,Masters Putter Clip And Golf Ball Marker,Masters,Golf HQ,6.8
2026-06-09,and ball clip golf marker masters putter,Name,Masters Putter Clip And Golf Ball Marker,Masters,Golf 360,7.9
2026-06-09,2 2025 5 cameron phantom putter scotty,Name,2025 Scotty Cameron Phantom 5.2 Putter,Scotty Cameron,The Clubroom,809.1
2026-06-09,2 2025 5 cameron phantom putter scotty,Name,2025 Scotty Cameron Phantom 5.2 Putter,Scotty Cameron,Golf 360,699.0
2026-06-09,bottle clicgear sand,Name,ClicGear Sand Bottle,Clicgear,Golf HQ,27.2
2026-06-09,bottle clicgear sand,Name,ClicGear Sand Bottle,Clicgear,The Clubroom,31.46
2026-06-09,230 fairway mizuno st wood z,Name,Mizuno ST-Z 230 Fairway Wood,Mizuno,Golf HQ,475.3
2026-06-09,230 fairway mizuno st wood z,Name,Mizuno ST-Z 230 Fairway Wood,Mizuno,Golf 360,549.0
2026-06-09,ball markers masters neon,Name,Masters Neon Ball Markers,Masters,Golf HQ,4.25
2026-06-09,ball markers masters neon,Name,Masters Neon Ball Markers,Masters,The Clubroom,4.9
2026-06-09,bushnell rangefinder shift tour v6,Name,Bushnell Tour V6 Shift Rangefinder,Bushnell,Golf Warehouse,607.99
2026-06-09,bushnell rangefinder shift tour v6,Name,Bushnell Tour V6 Shift Rangefinder,Bushnell,The Golf Shop,699.0
2026-06-09,cover kube mountain sun travel,Name,Sun Mountain Kube Travel Cover,Sun Mountain,Golf HQ,373.15
2026-06-09,cover kube mountain sun travel,Name,Sun Mountain Kube Travel Cover,Sun Mountain,Total Golf,429.0
2026-06-09,2026 apex callaway utility woods,Name,Callaway 2026 Apex Utility Woods,Callaway,Golf HQ,656.1
2026-06-09,2026 apex callaway utility woods,Name,Callaway 2026 Apex Utility Woods,Callaway,Golf 360,749.9
2026-06-09,ball cap crimson marker performance players titleist white,Name,Titleist Players Performance Ball Marker Cap - Crimson/White,Titleist,Golf HQ,39.95
2026-06-09,ball cap crimson marker performance players titleist white,Name,Titleist Players Performance Ball Marker Cap - Crimson/White,Titleist,The Clubroom,34.97
2026-06-09,ball cap marker monterey performance players titleist white,Name,Titleist Players Performance Ball Marker Cap - Monterey/White,Titleist,Golf HQ,39.95
2026-06-09,ball cap marker monterey performance players titleist white,Name,Titleist Players Performance Ball Marker Cap - Monterey/White,Titleist,The Clubroom,34.97
2026-06-09,ball cap marble marker performance players titleist white,Name,Titleist Players Performance Ball Marker Cap - Marble / White,Titleist,Golf HQ,39.95
2026-06-09,ball cap marble marker performance players titleist white,Name,Titleist Players Performance Ball Marker Cap - Marble / White,Titleist,The Clubroom,34.97
2026-06-09,brush clicgear club,Name,ClicGear Club Brush,Clicgear,Golf HQ,21.25
2026-06-09,brush clicgear club,Name,ClicGear Club Brush,Clicgear,The Clubroom,18.81
2026-06-09,bag brosnan carry lite pencil,Name,Brosnan Pencil Lite Carry Bag,Brosnan,Golf HQ,135.15
2026-06-09,bag brosnan carry lite pencil,Name,Brosnan Pencil Lite Carry Bag,Brosnan,Golf 360,119.9
2026-06-09,cobra driver king mini tec,Name,Cobra King Tec Mini Driver,Cobra,Golf HQ,864.0
2026-06-09,cobra driver king mini tec,Name,Cobra King Tec Mini Driver,Cobra,The Clubroom,768.0
2026-06-09,blucher footjoy traditions white,Name,FootJoy Traditions Blucher - White,FootJoy,Golf HQ,251.1
2026-06-09,blucher footjoy traditions white,Name,FootJoy Traditions Blucher - White,FootJoy,The Clubroom,223.2
2026-06-09,black blucher footjoy traditions,Name,FootJoy Traditions Blucher - Black,FootJoy,Golf HQ,251.1
2026-06-09,black blucher footjoy traditions,Name,FootJoy Traditions Blucher - Black,FootJoy,The Clubroom,223.2
2026-06-09,cleats golf pulsar softspikes,Name,Softspikes Pulsar Golf Cleats,Softspikes,Golf Warehouse,39.99
2026-06-09,cleats golf pulsar softspikes,Name,Softspikes Pulsar Golf Cleats,Softspikes,Golf 360,44.9
2026-06-09,6000ipsm pinloc sureshot,Name,Sureshot Pinloc 6000IPSM,Sureshot,Golf HQ,559.55
2026-06-09,6000ipsm pinloc sureshot,Name,Sureshot Pinloc 6000IPSM,Sureshot,Total Golf,499.0
2026-06-09,clicgear cooler tube,Name,ClicGear Cooler Tube,Clicgear,Golf HQ,50.15
2026-06-09,clicgear cooler tube,Name,ClicGear Cooler Tube,Clicgear,The Clubroom,44.96
2026-06-09,fli hi hybrid jpx925 mizuno,Name,Mizuno JPX925 Fli-Hi Hybrid,Mizuno,Golf HQ,278.1
2026-06-09,fli hi hybrid jpx925 mizuno,Name,Mizuno JPX925 Fli-Hi Hybrid,Mizuno,Golf 360,309.9
2026-06-09,ping players towel,Name,Ping Players Towel,PING,Golf HQ,50.15
2026-06-09,ping players towel,Name,Ping Players Towel,PING,Total Golf,45.0
2026-06-09,606 infinite putter wilson zt,Name,Wilson Infinite ZT 606 Putter,Wilson,The Clubroom,323.1
2026-06-09,606 infinite putter wilson zt,Name,Wilson Infinite ZT 606 Putter,Wilson,Golf 360,359.9
2026-06-09,chrome sm11 titleist tour vokey wedge,Name,Titleist Vokey SM11 Wedge - Tour Chrome,Titleist,The Clubroom,332.1
2026-06-09,chrome sm11 titleist tour vokey wedge,Name,Titleist Vokey SM11 Wedge - Tour Chrome,Titleist,Golf 360,369.9
2026-06-09,callaway hybrids max quantum,Name,Callaway Quantum Max Hybrids,Callaway,Golf HQ,584.1
2026-06-09,callaway hybrids max quantum,Name,Callaway Quantum Max Hybrids,Callaway,The Golf Shop,649.95
2026-06-09,fairway jpx mizuno one wood,Name,Mizuno JPX One Fairway Wood,Mizuno,The Clubroom,629.1
2026-06-09,fairway jpx mizuno one wood,Name,Mizuno JPX One Fairway Wood,Mizuno,Golf 360,699.9
2026-06-09,2 hot odyssey putter rossie square tri,Name,Odyssey Square 2 Square Tri-Hot Rossie Putter,Odyssey,Golf HQ,962.1
2026-06-09,2 hot odyssey putter rossie square tri,Name,Odyssey Square 2 Square Tri-Hot Rossie Putter,Odyssey,Golf 360,1069.9
2026-06-09,2 7 hot odyssey putter square tri,Name,Odyssey Square 2 Square Tri-Hot #7 Putter,Odyssey,Golf HQ,962.1
2026-06-09,2 7 hot odyssey putter square tri,Name,Odyssey Square 2 Square Tri-Hot #7 Putter,Odyssey,Golf 360,1069.9
2026-06-09,2 hot jailbird odyssey putter square tri,Name,Odyssey Square 2 Square Tri-Hot Jailbird Putter,Odyssey,Golf HQ,962.1
2026-06-09,2 hot jailbird odyssey putter square tri,Name,Odyssey Square 2 Square Tri-Hot Jailbird Putter,Odyssey,Golf 360,1069.9
2026-06-09,2 2026 cameron fastback putter scotty studio style,Name,2026 Scotty Cameron Studio Style Fastback 2 Putter,Scotty Cameron,The Clubroom,809.1
2026-06-09,2 2026 cameron fastback putter scotty studio style,Name,2026 Scotty Cameron Studio Style Fastback 2 Putter,Scotty Cameron,Golf 360,899.9
2026-06-09,2026 cameron fe putter santa scotty studio style,Name,2026 Scotty Cameron Studio Style Santa Fe Putter,Scotty Cameron,The Clubroom,809.1
2026-06-09,2026 cameron fe putter santa scotty studio style,Name,2026 Scotty Cameron Studio Style Santa Fe Putter,Scotty Cameron,Golf 360,899.9
2026-06-09,2026 2r 9 cameron phantom putter scotty,Name,2026 Scotty Cameron Phantom 9.2R Putter,Scotty Cameron,The Clubroom,809.1
2026-06-09,2026 2r 9 cameron phantom putter scotty,Name,2026 Scotty Cameron Phantom 9.2R Putter,Scotty Cameron,Golf 360,899.9
2026-06-09,2026 9r cameron phantom putter scotty,Name,2026 Scotty Cameron Phantom 9R Putter,Scotty Cameron,The Clubroom,809.1
2026-06-09,2026 9r cameron phantom putter scotty,Name,2026 Scotty Cameron Phantom 9R Putter,Scotty Cameron,Golf 360,899.9
2026-06-09,2026 5 7 cameron phantom putter scotty,Name,2026 Scotty Cameron Phantom 7.5 Putter,Scotty Cameron,The Clubroom,809.1
2026-06-09,2026 5 7 cameron phantom putter scotty,Name,2026 Scotty Cameron Phantom 7.5 Putter,Scotty Cameron,Golf 360,899.9
2026-06-09,2 2026 7 cameron phantom putter scotty,Name,2026 Scotty Cameron Phantom 7.2 Putter,Scotty Cameron,The Clubroom,809.1
2026-06-09,2 2026 7 cameron phantom putter scotty,Name,2026 Scotty Cameron Phantom 7.2 Putter,Scotty Cameron,Golf 360,899.9
2026-06-09,2026 5 cameron phantom putter scotty,Name,2026 Scotty Cameron Phantom 5.5 Putter,Scotty Cameron,The Clubroom,809.1
2026-06-09,2026 5 cameron phantom putter scotty,Name,2026 Scotty Cameron Phantom 5.5 Putter,Scotty Cameron,Golf 360,899.9
2026-06-09,2 2026 5 cameron phantom putter scotty,Name,2026 Scotty Cameron Phantom 5.2 Putter,Scotty Cameron,The Clubroom,809.1
2026-06-09,2 2026 5 cameron phantom putter scotty,Name,2026 Scotty Cameron Phantom 5.2 Putter,Scotty Cameron,Golf 360,899.9
2026-06-09,2025 cameron putter scotty squareback studio style,Name,2025 Scotty Cameron Studio Style Squareback Putter,Scotty Cameron,The Clubroom,809.1
2026-06-09,2025 cameron putter scotty squareback studio style,Name,2025 Scotty Cameron Studio Style Squareback Putter,Scotty Cameron,Golf 360,899.9
2026-06-09,2 2025 cameron putter scotty squareback studio style,Name,2025 Scotty Cameron Studio Style Squareback 2 Putter,Scotty Cameron,The Clubroom,809.1
2026-06-09,2 2025 cameron putter scotty squareback studio style,Name,2025 Scotty Cameron Studio Style Squareback 2 Putter,Scotty Cameron,Golf 360,899.9
2026-06-09,2 2025 cameron design long putter scotty squareback studio style,Name,2025 Scotty Cameron Studio Style Squareback 2 Long Design Putter,Scotty Cameron,The Clubroom,899.1
2026-06-09,2 2025 cameron design long putter scotty squareback studio style,Name,2025 Scotty Cameron Studio Style Squareback 2 Long Design Putter,Scotty Cameron,Golf 360,999.9
2026-06-09,2025 cameron newport putter scotty studio style,Name,2025 Scotty Cameron Studio Style Newport Putter,Scotty Cameron,The Clubroom,809.1
2026-06-09,2025 cameron newport putter scotty studio style,Name,2025 Scotty Cameron Studio Style Newport Putter,Scotty Cameron,Golf 360,899.9
2026-06-09,2025 cameron newport plus putter scotty studio style,Name,2025 Scotty Cameron Studio Style Newport Plus Putter,Scotty Cameron,The Clubroom,809.1
2026-06-09,2025 cameron newport plus putter scotty studio style,Name,2025 Scotty Cameron Studio Style Newport Plus Putter,Scotty Cameron,Golf 360,899.9
2026-06-09,2 2025 5 cameron newport plus putter scotty studio style,Name,2025 Scotty Cameron Studio Style Newport 2.5 Plus Putter,Scotty Cameron,The Clubroom,809.1
2026-06-09,2 2025 5 cameron newport plus putter scotty studio style,Name,2025 Scotty Cameron Studio Style Newport 2.5 Plus Putter,Scotty Cameron,Golf 360,899.9
2026-06-09,2 2025 cameron newport putter scotty studio style,Name,2025 Scotty Cameron Studio Style Newport 2 Putter,Scotty Cameron,The Clubroom,809.1
2026-06-09,2 2025 cameron newport putter scotty studio style,Name,2025 Scotty Cameron Studio Style Newport 2 Putter,Scotty Cameron,Golf 360,899.9
2026-06-09,2 2025 cameron newport plus putter scotty studio style,Name,2025 Scotty Cameron Studio Style Newport 2 Plus Putter,Scotty Cameron,The Clubroom,809.1
2026-06-09,2 2025 cameron newport plus putter scotty studio style,Name,2025 Scotty Cameron Studio Style Newport 2 Plus Putter,Scotty Cameron,Golf 360,899.9
2026-06-09,2025 cameron fastback putter scotty studio style,Name,2025 Scotty Cameron Studio Style Fastback Putter,Scotty Cameron,The Clubroom,809.1
2026-06-09,2025 cameron fastback putter scotty studio style,Name,2025 Scotty Cameron Studio Style Fastback Putter,Scotty Cameron,Golf 360,899.9
2026-06-09,1 2025 5 cameron fastback putter scotty studio style,Name,2025 Scotty Cameron Studio Style Fastback 1.5 Putter,Scotty Cameron,The Clubroom,809.1
2026-06-09,1 2025 5 cameron fastback putter scotty studio style,Name,2025 Scotty Cameron Studio Style Fastback 1.5 Putter,Scotty Cameron,Golf 360,899.9
2026-06-09,2025 cameron catalina putter scotty studio style,Name,2025 Scotty Cameron Studio Style Catalina Putter,Scotty Cameron,The Clubroom,809.1
2026-06-09,2025 cameron catalina putter scotty studio style,Name,2025 Scotty Cameron Studio Style Catalina Putter,Scotty Cameron,Golf 360,899.9
2026-06-09,golf grip honorary pride starter tour velvet,Name,Golf Pride Honorary Starter Tour Velvet Grip,Golf Pride,Golf HQ,30.0
2026-06-09,golf grip honorary pride starter tour velvet,Name,Golf Pride Honorary Starter Tour Velvet Grip,Golf Pride,The Clubroom,27.0
2026-06-09,driver g ladies le4 ping,Name,PING Ladies G Le4 Driver,PING,Golf HQ,1214.1
2026-06-09,driver g ladies le4 ping,Name,PING Ladies G Le4 Driver,PING,Total Golf,1349.0
2026-06-09,26 driving fli hi iron mizuno pro,Name,Mizuno 26' Pro Fli- Hi Driving Iron,Mizuno,Golf HQ,449.1
2026-06-09,26 driving fli hi iron mizuno pro,Name,Mizuno 26' Pro Fli- Hi Driving Iron,Mizuno,The Clubroom,499.0
2026-06-09,callaway diamond fairway quantum triple woods,Name,Callaway Quantum Triple Diamond Fairway Woods,Callaway,Golf HQ,764.1
2026-06-09,callaway diamond fairway quantum triple woods,Name,Callaway Quantum Triple Diamond Fairway Woods,Callaway,Total Golf,849.0
2026-06-09,callaway fairway max quantum woods,Name,Callaway Quantum Max Fairway Woods,Callaway,Golf HQ,710.1
2026-06-09,callaway fairway max quantum woods,Name,Callaway Quantum Max Fairway Woods,Callaway,Total Golf,789.0
2026-06-09,align cord golf grip pride standard z,Name,Golf Pride Z-Grip Cord Align - Standard,Golf Pride,Golf HQ,40.0
2026-06-09,align cord golf grip pride standard z,Name,Golf Pride Z-Grip Cord Align - Standard,Golf Pride,The Clubroom,36.0
2026-06-09,align cord golf grip midsize pride z,Name,Golf Pride Z-Grip Cord Align Grip - Midsize,Golf Pride,Golf HQ,40.0
2026-06-09,align cord golf grip midsize pride z,Name,Golf Pride Z-Grip Cord Align Grip - Midsize,Golf Pride,The Clubroom,36.0
2026-06-09,7 black cameron edition limited phantom putter scotty,Name,Limited Edition Scotty Cameron Phantom Black 7 Putter,Scotty Cameron,Golf HQ,1399.0
2026-06-09,7 black cameron edition limited phantom putter scotty,Name,Limited Edition Scotty Cameron Phantom Black 7 Putter,Scotty Cameron,The Clubroom,1259.1
2026-06-09,gt3 hybrid titleist,Name,Titleist GT3 Hybrid,Titleist,Golf HQ,512.1
2026-06-09,gt3 hybrid titleist,Name,Titleist GT3 Hybrid,Titleist,The Clubroom,569.0
2026-06-09,driver g440 k ping,Name,PING G440 K Driver,PING,The Clubroom,1349.96
2026-06-09,driver g440 k ping,Name,PING G440 K Driver,PING,Golf 360,1499.9
2026-06-09,cameron center fastback onset putter scotty,Name,Scotty Cameron Fastback Onset Center Putter,Scotty Cameron,The Clubroom,899.96
2026-06-09,cameron center fastback onset putter scotty,Name,Scotty Cameron Fastback Onset Center Putter,Scotty Cameron,Golf 360,999.9
2026-06-09,brush deluxe golf pride sports,Name,Pride Sports Deluxe Golf Brush,Pride,The Clubroom,17.91
2026-06-09,brush deluxe golf pride sports,Name,Pride Sports Deluxe Golf Brush,Pride,Golf 360,19.9
2026-06-09,2025 cb craz e ping putter scottsdale,Name,2025 PING Scottsdale Craz-E CB Putter,PING,The Clubroom,539.96
2026-06-09,2025 cb craz e ping putter scottsdale,Name,2025 PING Scottsdale Craz-E CB Putter,PING,Golf 360,599.9
2026-06-09,0 1 flatso grip putter superstroke zenergy,Name,Superstroke Zenergy Flatso 1.0 Putter Grip,Superstroke,The Clubroom,71.91
2026-06-09,0 1 flatso grip putter superstroke zenergy,Name,Superstroke Zenergy Flatso 1.0 Putter Grip,Superstroke,Golf 360,79.9
2026-06-09,0 1 grip putter superstroke tour zenergy,Name,Superstroke Zenergy Tour 1.0 Putter Grip,Superstroke,The Clubroom,71.91
2026-06-09,0 1 grip putter superstroke tour zenergy,Name,Superstroke Zenergy Tour 1.0 Putter Grip,Superstroke,Golf 360,79.9
2026-06-09,0 2 claw grip putter superstroke zenergy,Name,Superstroke Zenergy Claw 2.0 Putter Grip,Superstroke,The Clubroom,71.91
2026-06-09,0 2 claw grip putter superstroke zenergy,Name,Superstroke Zenergy Claw 2.0 Putter Grip,Superstroke,Golf 360,79.9
2026-06-09,0 1 claw grip putter superstroke zenergy,Name,Superstroke Zenergy Claw 1.0 Putter Grip,Superstroke,The Clubroom,71.91
2026-06-09,0 1 claw grip putter superstroke zenergy,Name,Superstroke Zenergy Claw 1.0 Putter Grip,Superstroke,Golf 360,79.9
2026-06-09,clicgear holder silicon strap umbrella with,Name,Clicgear Umbrella Holder with Silicon Strap,Clicgear,The Clubroom,25.11
2026-06-09,clicgear holder silicon strap umbrella with,Name,Clicgear Umbrella Holder with Silicon Strap,Clicgear,Golf 360,27.9
2026-06-09,cadet footjoy glove golf stasof,Name,FootJoy StaSof Golf Glove - Cadet,FootJoy,Golf HQ,36.8
2026-06-09,cadet footjoy glove golf stasof,Name,FootJoy StaSof Golf Glove - Cadet,FootJoy,The Clubroom,40.76
2026-06-09,out premium putt return trainer,Name,Putt Out Return Premium Trainer,Putt Out,Golf HQ,58.65
2026-06-09,out premium putt return trainer,Name,Putt Out Return Premium Trainer,Putt Out,The Clubroom,64.9
2026-06-09,alignment collapsible pride sticks,Name,Pride Collapsible Alignment Sticks,Pride,Golf HQ,33.15
2026-06-09,alignment collapsible pride sticks,Name,Pride Collapsible Alignment Sticks,Pride,Golf 360,30.0
2026-06-09,aid golf grip training,Name,Golf-Grip Training Aid,Golf-Grip,Golf 360,54.9
2026-06-09,aid golf grip training,Name,Golf-Grip Training Aid,Golf-Grip,The Golf Shop,49.95
2026-06-09,covers iron masters neoprene,Name,Masters Neoprene Iron Covers,Masters,Golf HQ,24.65
2026-06-09,covers iron masters neoprene,Name,Masters Neoprene Iron Covers,Masters,The Clubroom,26.91
2026-06-09,mgi seat zip,Name,MGI Zip Seat,MGI,The Clubroom,242.96
2026-06-09,mgi seat zip,Name,MGI Zip Seat,MGI,The Golf Shop,264.95
2026-06-09,glove golf perma soft titleist,Name,Titleist Perma Soft Golf Glove,Titleist,Golf HQ,31.2
2026-06-09,glove golf perma soft titleist,Name,Titleist Perma Soft Golf Glove,Titleist,The Clubroom,33.96
2026-06-09,glove golf players titleist,Name,Titleist Players Golf Glove,Titleist,Golf HQ,36.8
2026-06-09,glove golf players titleist,Name,Titleist Players Golf Glove,Titleist,The Clubroom,39.91
2026-06-09,cord golf grip midsize pride z,Name,Golf Pride Z-Grip Cord Midsize Grip,Golf Pride,Golf HQ,39.0
2026-06-09,cord golf grip midsize pride z,Name,Golf Pride Z-Grip Cord Midsize Grip,Golf Pride,The Clubroom,36.0
2026-06-09,extender holder mgi umbrella,Name,MGI Umbrella Holder Extender,MGI,Golf HQ,41.65
2026-06-09,extender holder mgi umbrella,Name,MGI Umbrella Holder Extender,MGI,The Clubroom,44.91
2026-06-09,callaway elyte fairway wood,Name,Callaway Elyte Fairway Wood,Callaway,Golf 360,649.0
2026-06-09,callaway elyte fairway wood,Name,Callaway Elyte Fairway Wood,Callaway,Total Golf,699.0
2026-06-09,ai bag cooler mgi,Name,MGI AI Cooler Bag,MGI,The Clubroom,169.99
2026-06-09,ai bag cooler mgi,Name,MGI AI Cooler Bag,MGI,The Golf Shop,159.95
2026-06-09,clubglider cover journey mountain sun travel,Name,Sun Mountain ClubGlider Journey Travel Cover,Sun Mountain,Golf 360,529.9
2026-06-09,clubglider cover journey mountain sun travel,Name,Sun Mountain ClubGlider Journey Travel Cover,Sun Mountain,Total Golf,499.0
2026-06-09,25 alpha cover mid ogio travel,Name,Ogio Alpha Mid Travel Cover '25,Ogio,Golf Warehouse,391.99
2026-06-09,25 alpha cover mid ogio travel,Name,Ogio Alpha Mid Travel Cover '25,Ogio,Golf HQ,415.65
2026-06-09,clicgear mesh net storage,Name,ClicGear Mesh Storage Net,Clicgear,Golf HQ,37.4
2026-06-09,clicgear mesh net storage,Name,ClicGear Mesh Storage Net,Clicgear,The Clubroom,39.6
2026-06-09,bag deluxe footjoy shoe,Name,FootJoy Deluxe Shoe Bag,FootJoy,Golf HQ,48.45
2026-06-09,bag deluxe footjoy shoe,Name,FootJoy Deluxe Shoe Bag,FootJoy,The Clubroom,51.26
2026-06-09,bushnell rangefinder shift tour v7,Name,Bushnell Tour V7 Shift Rangefinder,Bushnell,Golf HQ,736.25
2026-06-09,bushnell rangefinder shift tour v7,Name,Bushnell Tour V7 Shift Rangefinder,Bushnell,Golf 360,775.9
2026-06-09,approach garmin rangefinder z30,Name,Garmin Approach Z30 Rangefinder,Garmin,Golf HQ,759.05
2026-06-09,approach garmin rangefinder z30,Name,Garmin Approach Z30 Rangefinder,Garmin,Golf 360,799.9
2026-06-09,bag midsize staff titleist,Name,Titleist Midsize Staff Bag,Titleist,Golf HQ,483.65
2026-06-09,bag midsize staff titleist,Name,Titleist Midsize Staff Bag,Titleist,The Clubroom,509.96
2026-06-09,approach g82 garmin,Name,Garmin Approach G82,Garmin,Golf HQ,1139.05
2026-06-09,approach g82 garmin,Name,Garmin Approach G82,Garmin,The Clubroom,1199.0
2026-06-09,5000i pinloc rangefinder sureshot,Name,Sureshot Pinloc 5000I Rangefinder,Sureshot,Golf HQ,331.55
2026-06-09,5000i pinloc rangefinder sureshot,Name,Sureshot Pinloc 5000I Rangefinder,Sureshot,Golf 360,349.0
2026-06-09,47mm approach garmin s70,Name,Garmin Approach S70 47MM,Garmin,Golf HQ,1329.05
2026-06-09,47mm approach garmin s70,Name,Garmin Approach S70 47MM,Garmin,Total Golf,1399.0
2026-06-09,42mm approach garmin s70,Name,Garmin Approach S70 42MM,Garmin,Golf HQ,1234.05
2026-06-09,42mm approach garmin s70,Name,Garmin Approach S70 42MM,Garmin,Total Golf,1299.0
2026-06-09,approach garmin rangefinder z82,Name,Garmin Approach Z82 Rangefinder,Garmin,Golf HQ,1186.55
2026-06-09,approach garmin rangefinder z82,Name,Garmin Approach Z82 Rangefinder,Garmin,Golf 360,1249.9
2026-06-09,26 balls callaway chrome dozen golf tour track triple x,Name,Callaway Chrome Tour X '26 Triple Track Golf Balls - Dozen,Callaway Golf,Golf Warehouse,79.99
2026-06-09,26 balls callaway chrome dozen golf tour track triple x,Name,Callaway Chrome Tour X '26 Triple Track Golf Balls - Dozen,Callaway Golf,Golf HQ,84.15
2026-06-09,26 balls callaway chrome dozen golf soft trutrack,Name,Callaway Chrome Soft '26 TruTrack Golf Balls - Dozen,Callaway Golf,Golf Warehouse,79.99
2026-06-09,26 balls callaway chrome dozen golf soft trutrack,Name,Callaway Chrome Soft '26 TruTrack Golf Balls - Dozen,Callaway Golf,Golf HQ,84.15
2026-06-09,26 360 balls callaway chrome dozen golf soft track triple yellow,Name,Callaway Chrome Soft 360 '26 Triple Track Yellow Golf Balls - Dozen,Callaway Golf,Golf Warehouse,79.99
2026-06-09,26 360 balls callaway chrome dozen golf soft track triple yellow,Name,Callaway Chrome Soft 360 '26 Triple Track Yellow Golf Balls - Dozen,Callaway Golf,Golf HQ,84.15
2026-06-09,26 360 balls callaway chrome dozen golf soft track triple,Name,Callaway Chrome Soft 360 '26 Triple Track Golf Balls - Dozen,Callaway Golf,Golf Warehouse,79.99
2026-06-09,26 360 balls callaway chrome dozen golf soft track triple,Name,Callaway Chrome Soft 360 '26 Triple Track Golf Balls - Dozen,Callaway Golf,Golf HQ,84.15
2026-06-09,26 balls callaway chrome dozen golf tour x,Name,Callaway Chrome Tour X '26 Golf Balls - Dozen,Callaway Golf,Golf Warehouse,79.99
2026-06-09,26 balls callaway chrome dozen golf tour x,Name,Callaway Chrome Tour X '26 Golf Balls - Dozen,Callaway Golf,Golf HQ,84.15
2026-06-09,26 balls callaway chrome dozen golf tour track triple,Name,Callaway Chrome Tour '26 Triple Track Golf Balls - Dozen,Callaway Golf,Golf Warehouse,79.99
2026-06-09,26 balls callaway chrome dozen golf tour track triple,Name,Callaway Chrome Tour '26 Triple Track Golf Balls - Dozen,Callaway Golf,Golf HQ,84.15
2026-06-09,26 balls callaway chrome dozen golf tour,Name,Callaway Chrome Tour '26 Golf Balls - Dozen,Callaway Golf,Golf Warehouse,79.99
2026-06-09,26 balls callaway chrome dozen golf tour,Name,Callaway Chrome Tour '26 Golf Balls - Dozen,Callaway Golf,Golf HQ,84.15
2026-06-09,26 balls callaway chrome dozen golf soft track triple,Name,Callaway Chrome Soft '26 Triple Track Golf Balls - Dozen,Callaway Golf,Golf Warehouse,79.99
2026-06-09,26 balls callaway chrome dozen golf soft track triple,Name,Callaway Chrome Soft '26 Triple Track Golf Balls - Dozen,Callaway Golf,Golf HQ,84.15
2026-06-09,26 balls callaway chrome dozen golf soft,Name,Callaway Chrome Soft '26 Golf Balls - Dozen,Callaway Golf,Golf Warehouse,79.99
2026-06-09,26 balls callaway chrome dozen golf soft,Name,Callaway Chrome Soft '26 Golf Balls - Dozen,Callaway Golf,Golf HQ,84.15
2026-06-09,deluxe masters spike wrench,Name,Masters Deluxe Spike Wrench,Masters,Golf HQ,7.65
2026-06-09,deluxe masters spike wrench,Name,Masters Deluxe Spike Wrench,Masters,The Clubroom,8.01
2026-06-09,drink holder mgi,Name,MGI Drink Holder,MGI,Golf HQ,41.65
2026-06-09,drink holder mgi,Name,MGI Drink Holder,MGI,The Golf Shop,39.99
2026-06-09,6000ipm laser pinloc sureshot,Name,SureShot PINLOC 6000iPM Laser,Sureshot,The Clubroom,449.96
2026-06-09,6000ipm laser pinloc sureshot,Name,SureShot PINLOC 6000iPM Laser,Sureshot,Total Golf,469.0
2026-06-09,boost e electric mgi trundler,Name,MGI E-Boost Electric Trundler,MGI,The Clubroom,1349.0
2026-06-09,boost e electric mgi trundler,Name,MGI E-Boost Electric Trundler,MGI,The Golf Shop,1399.0
2026-06-09,bead counter masters stroke,Name,Masters Bead Stroke Counter,Masters,Golf HQ,7.65
2026-06-09,bead counter masters stroke,Name,Masters Bead Stroke Counter,Masters,The Clubroom,7.9
2026-06-09,cap junior performance titleist tour,Name,Titleist Junior Tour Performance Cap,Titleist,Golf HQ,41.65
2026-06-09,cap junior performance titleist tour,Name,Titleist Junior Tour Performance Cap,Titleist,Golf 360,42.9
2026-06-09,cord golf grip pride standard z,Name,Golf Pride Z-Grip Cord Standard Grip,Golf Pride,Golf HQ,35.0
2026-06-09,cord golf grip pride standard z,Name,Golf Pride Z-Grip Cord Standard Grip,Golf Pride,The Clubroom,36.0
2026-06-09,7 ai dual odyssey putter s,Name,Odyssey AI-Dual #7 S Putter,Odyssey,Golf HQ,584.1
2026-06-09,7 ai dual odyssey putter s,Name,Odyssey AI-Dual #7 S Putter,Odyssey,Golf 360,599.0
2026-06-09,elite golf pgf status trundler,Name,PGF Status Elite Golf Trundler,PGF,Golf HQ,379.05
2026-06-09,elite golf pgf status trundler,Name,PGF Status Elite Golf Trundler,PGF,Golf 360,369.9
2026-06-09,8ft mat odyssey putting,Name,Odyssey 8ft Putting Mat,Odyssey,Golf HQ,102.0
2026-06-09,8ft mat odyssey putting,Name,Odyssey 8ft Putting Mat,Odyssey,Golf 360,99.9
2026-06-09,airflow balls masters practice,Name,Masters Airflow Practice Balls,Masters,Golf HQ,7.65
2026-06-09,airflow balls masters practice,Name,Masters Airflow Practice Balls,Masters,The Clubroom,7.5
2026-06-09,cpx golf grip pride standard,Name,Golf Pride CPX Grip - Standard,Golf Pride,Golf HQ,32.0
2026-06-09,cpx golf grip pride standard,Name,Golf Pride CPX Grip - Standard,Golf Pride,The Clubroom,31.5
2026-06-09,3 bushnell gps phantom slope,Name,Bushnell Phantom 3 Slope GPS,Bushnell,Golf Warehouse,334.99
2026-06-09,3 bushnell gps phantom slope,Name,Bushnell Phantom 3 Slope GPS,Bushnell,Golf 360,339.9
2026-06-09,0 2 flatso grip putter superstroke zenergy,Name,Superstroke Zenergy Flatso 2.0 Putter Grip,Superstroke,The Clubroom,80.96
2026-06-09,0 2 flatso grip putter superstroke zenergy,Name,Superstroke Zenergy Flatso 2.0 Putter Grip,Superstroke,Golf 360,79.9
2026-06-09,0 1 grip pistol putter superstroke zenergy,Name,Superstroke Zenergy Pistol 1.0 Putter Grip,Superstroke,The Clubroom,80.96
2026-06-09,0 1 grip pistol putter superstroke zenergy,Name,Superstroke Zenergy Pistol 1.0 Putter Grip,Superstroke,Golf 360,79.9
2026-06-09,0 2 grip putter superstroke tour zenergy,Name,Superstroke Zenergy Tour 2.0 Putter Grip,Superstroke,The Clubroom,80.96
2026-06-09,0 2 grip putter superstroke tour zenergy,Name,Superstroke Zenergy Tour 2.0 Putter Grip,Superstroke,Golf 360,79.9
2026-06-09,holder mgi scorecard zip,Name,MGI ZIP Scorecard Holder,MGI,Golf 360,69.9
2026-06-09,holder mgi scorecard zip,Name,MGI ZIP Scorecard Holder,MGI,Total Golf,69.0
2026-06-09,and ball cap clip golf marker masters,Name,Masters Golf Cap Clip and Golf Ball Marker,Masters,Golf HQ,12.75
2026-06-09,and ball cap clip golf marker masters,Name,Masters Golf Cap Clip and Golf Ball Marker,Masters,Golf 360,12.9
2026-06-09,black cap mizuno snapback tour vent white,Name,Mizuno Tour Vent  Snapback Cap - Black / White,Mizuno,Golf HQ,41.65
2026-06-09,black cap mizuno snapback tour vent white,Name,Mizuno Tour Vent  Snapback Cap - Black / White,Mizuno,The Clubroom,41.99
2026-06-09,2025 3 oslo ping putter scottsdale,Name,PING 2025 Scottsdale Oslo 3 Putter,PING,Golf HQ,539.1
2026-06-09,2025 3 oslo ping putter scottsdale,Name,PING 2025 Scottsdale Oslo 3 Putter,PING,The Clubroom,539.96
2026-06-09,bag black blue hooferlite ping stand,Name,Ping HooferLite Stand Bag - Blue/Black,PING,Golf HQ,381.65
2026-06-09,bag black blue hooferlite ping stand,Name,Ping HooferLite Stand Bag - Blue/Black,PING,The Clubroom,382.46
2026-06-09,2025 b63 ping putter scottsdale,Name,PING 2025 Scottsdale B63 Putter,PING,Golf HQ,539.1
2026-06-09,2025 b63 ping putter scottsdale,Name,PING 2025 Scottsdale B63 Putter,PING,The Clubroom,539.96
2026-06-09,hybrid jpx mizuno one,Name,Mizuno JPX One Hybrid,Mizuno,The Clubroom,549.0
2026-06-09,hybrid jpx mizuno one,Name,Mizuno JPX One Hybrid,Mizuno,Golf 360,549.9
2026-06-09,extender holder mgi umbrella zip,Name,MGI Zip Umbrella Holder Extender,MGI,Golf 360,49.9
2026-06-09,extender holder mgi umbrella zip,Name,MGI Zip Umbrella Holder Extender,MGI,Total Golf,50.0
2026-06-09,callaway driver max quantum,Name,Callaway Quantum Max Driver,Callaway,Golf HQ,1259.0
2026-06-09,callaway driver max quantum,Name,Callaway Quantum Max Driver,Callaway,Golf 360,1259.9
2026-06-09,ai ch milled odyssey one putter t,Name,Odyssey Ai-One Milled One T CH Putter,Odyssey,Golf HQ,679.0
2026-06-09,ai ch milled odyssey one putter t,Name,Odyssey Ai-One Milled One T CH Putter,Odyssey,Golf 360,679.9
2026-06-09,ai db eleven milled odyssey one putter t,Name,Odyssey Ai-One Milled Eleven T DB Putter,Odyssey,Golf HQ,679.0
2026-06-09,ai db eleven milled odyssey one putter t,Name,Odyssey Ai-One Milled Eleven T DB Putter,Odyssey,Golf 360,679.9
2026-06-09,bag titleist tour,Name,Titleist Tour Bag,Titleist,Golf HQ,704.65
2026-06-09,bag titleist tour,Name,Titleist Tour Bag,Titleist,The Clubroom,705.46
2026-06-09,ball devil out putt puttout,Name,PuttOUT Devil Ball,Putt Out,Golf 360,69.9
2026-06-09,ball devil out putt puttout,Name,PuttOUT Devil Ball,Putt Out,The Golf Shop,69.95
2026-06-09,chipping golf masters net pop up,Name,Pop Up Chipping Net - Masters Golf,Masters,Golf 360,39.9
2026-06-09,chipping golf masters net pop up,Name,Pop Up Chipping Net - Masters Golf,Masters,The Golf Shop,39.95
2026-06-09,adjustable clicgear holder umbrella,Name,Clicgear Adjustable Umbrella Holder,Clicgear,Golf 360,74.9
2026-06-09,adjustable clicgear holder umbrella,Name,Clicgear Adjustable Umbrella Holder,Clicgear,The Golf Shop,74.95
2026-06-09,mizuno tour towel,Name,Mizuno Tour Towel,Mizuno,Golf 360,64.9
2026-06-09,mizuno tour towel,Name,Mizuno Tour Towel,Mizuno,The Golf Shop,64.95
2026-06-09,holder mgi umbrella zip,Name,MGI ZIP Umbrella Holder,MGI,Golf 360,69.9
2026-06-09,holder mgi umbrella zip,Name,MGI ZIP Umbrella Holder,MGI,The Golf Shop,69.95
2026-06-09,chipr le ping,Name,PING ChipR Le,PING,Golf HQ,395.1
2026-06-09,chipr le ping,Name,PING ChipR Le,PING,The Clubroom,395.1
2026-06-09,bag grey mizuno pro stand,Name,Mizuno Pro Stand Bag - Grey,Mizuno,Golf HQ,526.15
2026-06-09,bag grey mizuno pro stand,Name,Mizuno Pro Stand Bag - Grey,Mizuno,The Clubroom,526.15
2026-06-09,bag carry premium titleist,Name,Titleist Premium Carry Bag,Titleist,Golf HQ,182.75
2026-06-09,bag carry premium titleist,Name,Titleist Premium Carry Bag,Titleist,The Clubroom,182.67
2026-06-09,gt1 hybrid titleist,Name,Titleist GT1 Hybrid,Titleist,Golf HQ,569.0
2026-06-09,gt1 hybrid titleist,Name,Titleist GT1 Hybrid,Titleist,The Clubroom,569.0
2026-06-09,bag black mizuno pro stand,Name,Mizuno Pro Stand Bag - Black,Mizuno,Golf HQ,526.15
2026-06-09,bag black mizuno pro stand,Name,Mizuno Pro Stand Bag - Black,Mizuno,The Clubroom,526.15
2026-06-09,bag mizuno navy pro stand,Name,Mizuno Pro Stand Bag - Navy,Mizuno,Golf HQ,526.15
2026-06-09,bag mizuno navy pro stand,Name,Mizuno Pro Stand Bag - Navy,Mizuno,The Clubroom,526.15
2026-06-09,3 5 bag carry e mountain navy sun,Name,Sun Mountain E-3.5 Carry Bag - Navy,Sun Mountain,Golf HQ,398.65
2026-06-09,3 5 bag carry e mountain navy sun,Name,Sun Mountain E-3.5 Carry Bag - Navy,Sun Mountain,The Clubroom,398.65
2026-06-09,gt2 hybrid titleist,Name,Titleist GT2 Hybrid,Titleist,Golf HQ,569.0
2026-06-09,gt2 hybrid titleist,Name,Titleist GT2 Hybrid,Titleist,The Clubroom,569.0
2026-06-09,approach g80 garmin,Name,Garmin Approach G80,Garmin,Golf HQ,850.25
2026-06-09,approach g80 garmin,Name,Garmin Approach G80,Garmin,The Clubroom,849.95
2026-06-09,fairway g440 lst ping wood,Name,PING G440 LST Fairway Wood,PING,The Clubroom,1124.96
2026-06-09,fairway g440 lst ping wood,Name,PING G440 LST Fairway Wood,PING,Total Golf,0.0
2026-06-09,dry g groove grooveit it mini scrubber,Name,Groove-it mini G Dry Scrubber,Grooveit,Golf 360,47.9
2026-06-09,dry g groove grooveit it mini scrubber,Name,Groove-it mini G Dry Scrubber,Grooveit,The Golf Shop,47.9
2026-06-09,driver gt4 titleist,Name,Titleist GT4 Driver,Titleist,Golf 360,949.0
2026-06-09,driver gt4 titleist,Name,Titleist GT4 Driver,Titleist,Total Golf,0.0
